Workbook

Sheet Attendence
C3: 9 | D3: 10 | E3: 11 | F3: 12 | G3: 13 | H3: 14 | I3: 15 | J3: 16 | K3: 17
B4: Monday | C4: =_xlfn.XLOOKUP(_xlfn.CONCAT($B4, " ", C$3), $J$43:$J$54, $E$43:$E$54, "", 0) & _xlfn.XLOOKUP(_xlfn.CONCAT($B4, " ", C$3), $K$43:$K$54, $E$43:$E$54, "", 0) -> Lecture | D4: =_xlfn.XLOOKUP(_xlfn.CONCAT($B4, " ", D$3), $J$43:$J$54, $E$43:$E$54, "", 0) & _xlfn.XLOOKUP(_xlfn.CONCAT($B4, " ", D$3), $K$43:$K$54, $E$43:$E$54, "", 0) -> Lecture | E4: =_xlfn.XLOOKUP(_xlfn.CONCAT($B4, " ", E$3), $J$43:$J$54, $E$43:$E$54, "", 0) & _xlfn.XLOOKUP(_xlfn.CONCAT($B4, " ", E$3), $K$43:$K$54, $E$43:$E$54, "", 0) | F4: =_xlfn.XLOOKUP(_xlfn.CONCAT($B4, " ", F$3), $J$43:$J$54, $E$43:$E$54, "", 0) & _xlfn.XLOOKUP(_xlfn.CONCAT($B4, " ", F$3), $K$43:$K$54, $E$43:$E$54, "", 0) | G4: =_xlfn.XLOOKUP(_xlfn.CONCAT($B4, " ", G$3), $J$43:$J$54, $E$43:$E$54, "", 0) & _xlfn.XLOOKUP(_xlfn.CONCAT($B4, " ", G$3), $K$43:$K$54, $E$43:$E$54, "", 0) -> Practical | H4: =_xlfn.XLOOKUP(_xlfn.CONCAT($B4, " ", H$3), $J$43:$J$54, $E$43:$E$54, "", 0) & _xlfn.XLOOKUP(_xlfn.CONCAT($B4, " ", H$3), $K$43:$K$54, $E$43:$E$54, "", 0) -> Practical | I4: =_xlfn.XLOOKUP(_xlfn.CONCAT($B4, " ", I$3), $J$43:$J$54, $E$43:$E$54, "", 0) & _xlfn.XLOOKUP(_xlfn.CONCAT($B4, " ", I$3), $K$43:$K$54, $E$43:$E$54, "", 0) | J4: =_xlfn.XLOOKUP(_xlfn.CONCAT($B4, " ", J$3), $J$43:$J$54, $E$43:$E$54, "", 0) & _xlfn.XLOOKUP(_xlfn.CONCAT($B4, " ", J$3), $K$43:$K$54, $E$43:$E$54, "", 0) | K4: =_xlfn.XLOOKUP(_xlfn.CONCAT($B4, " ", K$3), $J$43:$J$54, $E$43:$E$54, "", 0) & _xlfn.XLOOKUP(_xlfn.CONCAT($B4, " ", K$3), $K$43:$K$54, $E$43:$E$54, "", 0)
B5: Tuesday | C5: =_xlfn.XLOOKUP(_xlfn.CONCAT($B5, " ", C$3), $J$43:$J$54, $E$43:$E$54, "", 0) & _xlfn.XLOOKUP(_xlfn.CONCAT($B5, " ", C$3), $K$43:$K$54, $E$43:$E$54, "", 0) -> Practical | D5: =_xlfn.XLOOKUP(_xlfn.CONCAT($B5, " ", D$3), $J$43:$J$54, $E$43:$E$54, "", 0) & _xlfn.XLOOKUP(_xlfn.CONCAT($B5, " ", D$3), $K$43:$K$54, $E$43:$E$54, "", 0) -> Practical | E5: =_xlfn.XLOOKUP(_xlfn.CONCAT($B5, " ", E$3), $J$43:$J$54, $E$43:$E$54, "", 0) & _xlfn.XLOOKUP(_xlfn.CONCAT($B5, " ", E$3), $K$43:$K$54, $E$43:$E$54, "", 0) | F5: =_xlfn.XLOOKUP(_xlfn.CONCAT($B5, " ", F$3), $J$43:$J$54, $E$43:$E$54, "", 0) & _xlfn.XLOOKUP(_xlfn.CONCAT($B5, " ", F$3), $K$43:$K$54, $E$43:$E$54, "", 0) | G5: =_xlfn.XLOOKUP(_xlfn.CONCAT($B5, " ", G$3), $J$43:$J$54, $E$43:$E$54, "", 0) & _xlfn.XLOOKUP(_xlfn.CONCAT($B5, " ", G$3), $K$43:$K$54, $E$43:$E$54, "", 0) -> Lecture | H5: =_xlfn.XLOOKUP(_xlfn.CONCAT($B5, " ", H$3), $J$43:$J$54, $E$43:$E$54, "", 0) & _xlfn.XLOOKUP(_xlfn.CONCAT($B5, " ", H$3), $K$43:$K$54, $E$43:$E$54, "", 0) | I5: =_xlfn.XLOOKUP(_xlfn.CONCAT($B5, " ", I$3), $J$43:$J$54, $E$43:$E$54, "", 0) & _xlfn.XLOOKUP(_xlfn.CONCAT($B5, " ", I$3), $K$43:$K$54, $E$43:$E$54, "", 0) | J5: =_xlfn.XLOOKUP(_xlfn.CONCAT($B5, " ", J$3), $J$43:$J$54, $E$43:$E$54, "", 0) & _xlfn.XLOOKUP(_xlfn.CONCAT($B5, " ", J$3), $K$43:$K$54, $E$43:$E$54, "", 0) | K5: =_xlfn.XLOOKUP(_xlfn.CONCAT($B5, " ", K$3), $J$43:$J$54, $E$43:$E$54, "", 0) & _xlfn.XLOOKUP(_xlfn.CONCAT($B5, " ", K$3), $K$43:$K$54, $E$43:$E$54, "", 0)
B6: Wednesday | C6: =_xlfn.XLOOKUP(_xlfn.CONCAT($B6, " ", C$3), $J$43:$J$54, $E$43:$E$54, "", 0) & _xlfn.XLOOKUP(_xlfn.CONCAT($B6, " ", C$3), $K$43:$K$54, $E$43:$E$54, "", 0) -> Lecture | D6: =_xlfn.XLOOKUP(_xlfn.CONCAT($B6, " ", D$3), $J$43:$J$54, $E$43:$E$54, "", 0) & _xlfn.XLOOKUP(_xlfn.CONCAT($B6, " ", D$3), $K$43:$K$54, $E$43:$E$54, "", 0) | E6: =_xlfn.XLOOKUP(_xlfn.CONCAT($B6, " ", E$3), $J$43:$J$54, $E$43:$E$54, "", 0) & _xlfn.XLOOKUP(_xlfn.CONCAT($B6, " ", E$3), $K$43:$K$54, $E$43:$E$54, "", 0) | F6: =_xlfn.XLOOKUP(_xlfn.CONCAT($B6, " ", F$3), $J$43:$J$54, $E$43:$E$54, "", 0) & _xlfn.XLOOKUP(_xlfn.CONCAT($B6, " ", F$3), $K$43:$K$54, $E$43:$E$54, "", 0) | G6: =_xlfn.XLOOKUP(_xlfn.CONCAT($B6, " ", G$3), $J$43:$J$54, $E$43:$E$54, "", 0) & _xlfn.XLOOKUP(_xlfn.CONCAT($B6, " ", G$3), $K$43:$K$54, $E$43:$E$54, "", 0) -> Practical | H6: =_xlfn.XLOOKUP(_xlfn.CONCAT($B6, " ", H$3), $J$43:$J$54, $E$43:$E$54, "", 0) & _xlfn.XLOOKUP(_xlfn.CONCAT($B6, " ", H$3), $K$43:$K$54, $E$43:$E$54, "", 0) -> Practical | I6: =_xlfn.XLOOKUP(_xlfn.CONCAT($B6, " ", I$3), $J$43:$J$54, $E$43:$E$54, "", 0) & _xlfn.XLOOKUP(_xlfn.CONCAT($B6, " ", I$3), $K$43:$K$54, $E$43:$E$54, "", 0) | J6: =_xlfn.XLOOKUP(_xlfn.CONCAT($B6, " ", J$3), $J$43:$J$54, $E$43:$E$54, "", 0) & _xlfn.XLOOKUP(_xlfn.CONCAT($B6, " ", J$3), $K$43:$K$54, $E$43:$E$54, "", 0) | K6: =_xlfn.XLOOKUP(_xlfn.CONCAT($B6, " ", K$3), $J$43:$J$54, $E$43:$E$54, "", 0) & _xlfn.XLOOKUP(_xlfn.CONCAT($B6, " ", K$3), $K$43:$K$54, $E$43:$E$54, "", 0)
B7: Thursday | C7: =_xlfn.XLOOKUP(_xlfn.CONCAT($B7, " ", C$3), $J$43:$J$54, $E$43:$E$54, "", 0) & _xlfn.XLOOKUP(_xlfn.CONCAT($B7, " ", C$3), $K$43:$K$54, $E$43:$E$54, "", 0) -> Practical | D7: =_xlfn.XLOOKUP(_xlfn.CONCAT($B7, " ", D$3), $J$43:$J$54, $E$43:$E$54, "", 0) & _xlfn.XLOOKUP(_xlfn.CONCAT($B7, " ", D$3), $K$43:$K$54, $E$43:$E$54, "", 0) -> Practical | E7: =_xlfn.XLOOKUP(_xlfn.CONCAT($B7, " ", E$3), $J$43:$J$54, $E$43:$E$54, "", 0) & _xlfn.XLOOKUP(_xlfn.CONCAT($B7, " ", E$3), $K$43:$K$54, $E$43:$E$54, "", 0) -> Lecture | F7: =_xlfn.XLOOKUP(_xlfn.CONCAT($B7, " ", F$3), $J$43:$J$54, $E$43:$E$54, "", 0) & _xlfn.XLOOKUP(_xlfn.CONCAT($B7, " ", F$3), $K$43:$K$54, $E$43:$E$54, "", 0) | G7: =_xlfn.XLOOKUP(_xlfn.CONCAT($B7, " ", G$3), $J$43:$J$54, $E$43:$E$54, "", 0) & _xlfn.XLOOKUP(_xlfn.CONCAT($B7, " ", G$3), $K$43:$K$54, $E$43:$E$54, "", 0) -> Lecture | H7: =_xlfn.XLOOKUP(_xlfn.CONCAT($B7, " ", H$3), $J$43:$J$54, $E$43:$E$54, "", 0) & _xlfn.XLOOKUP(_xlfn.CONCAT($B7, " ", H$3), $K$43:$K$54, $E$43:$E$54, "", 0) | I7: =_xlfn.XLOOKUP(_xlfn.CONCAT($B7, " ", I$3), $J$43:$J$54, $E$43:$E$54, "", 0) & _xlfn.XLOOKUP(_xlfn.CONCAT($B7, " ", I$3), $K$43:$K$54, $E$43:$E$54, "", 0) | J7: =_xlfn.XLOOKUP(_xlfn.CONCAT($B7, " ", J$3), $J$43:$J$54, $E$43:$E$54, "", 0) & _xlfn.XLOOKUP(_xlfn.CONCAT($B7, " ", J$3), $K$43:$K$54, $E$43:$E$54, "", 0) | K7: =_xlfn.XLOOKUP(_xlfn.CONCAT($B7, " ", K$3), $J$43:$J$54, $E$43:$E$54, "", 0) & _xlfn.XLOOKUP(_xlfn.CONCAT($B7, " ", K$3), $K$43:$K$54, $E$43:$E$54, "", 0)
B8: Friday | C8: =_xlfn.XLOOKUP(_xlfn.CONCAT($B8, " ", C$3), $J$43:$J$54, $E$43:$E$54, "", 0) & _xlfn.XLOOKUP(_xlfn.CONCAT($B8, " ", C$3), $K$43:$K$54, $E$43:$E$54, "", 0) -> Lecture | D8: =_xlfn.XLOOKUP(_xlfn.CONCAT($B8, " ", D$3), $J$43:$J$54, $E$43:$E$54, "", 0) & _xlfn.XLOOKUP(_xlfn.CONCAT($B8, " ", D$3), $K$43:$K$54, $E$43:$E$54, "", 0) | E8: =_xlfn.XLOOKUP(_xlfn.CONCAT($B8, " ", E$3), $J$43:$J$54, $E$43:$E$54, "", 0) & _xlfn.XLOOKUP(_xlfn.CONCAT($B8, " ", E$3), $K$43:$K$54, $E$43:$E$54, "", 0) | F8: =_xlfn.XLOOKUP(_xlfn.CONCAT($B8, " ", F$3), $J$43:$J$54, $E$43:$E$54, "", 0) & _xlfn.XLOOKUP(_xlfn.CONCAT($B8, " ", F$3), $K$43:$K$54, $E$43:$E$54, "", 0) | G8: =_xlfn.XLOOKUP(_xlfn.CONCAT($B8, " ", G$3), $J$43:$J$54, $E$43:$E$54, "", 0) & _xlfn.XLOOKUP(_xlfn.CONCAT($B8, " ", G$3), $K$43:$K$54, $E$43:$E$54, "", 0) -> Workshop | H8: =_xlfn.XLOOKUP(_xlfn.CONCAT($B8, " ", H$3), $J$43:$J$54, $E$43:$E$54, "", 0) & _xlfn.XLOOKUP(_xlfn.CONCAT($B8, " ", H$3), $K$43:$K$54, $E$43:$E$54, "", 0) -> Workshop | I8: =_xlfn.XLOOKUP(_xlfn.CONCAT($B8, " ", I$3), $J$43:$J$54, $E$43:$E$54, "", 0) & _xlfn.XLOOKUP(_xlfn.CONCAT($B8, " ", I$3), $K$43:$K$54, $E$43:$E$54, "", 0) | J8: =_xlfn.XLOOKUP(_xlfn.CONCAT($B8, " ", J$3), $J$43:$J$54, $E$43:$E$54, "", 0) & _xlfn.XLOOKUP(_xlfn.CONCAT($B8, " ", J$3), $K$43:$K$54, $E$43:$E$54, "", 0) -> Practical | K8: =_xlfn.XLOOKUP(_xlfn.CONCAT($B8, " ", K$3), $J$43:$J$54, $E$43:$E$54, "", 0) & _xlfn.XLOOKUP(_xlfn.CONCAT($B8, " ", K$3), $K$43:$K$54, $E$43:$E$54, "", 0) -> Practical
B12: Today's Timetable | E12: =NOW() -> 46153.529
B14: Module Code | C14: Module Name | E14: Class Type | F14: Time | G14: Location | H14: Duration | I14: Attended?
B15: {=_xlfn._xlws.FILTER(B43:I54, G43:G54="Monday")} -> #VALUE!
B42: Module Code | C42: Module Name | E42: Class Type | F42: Day | G42: Time | H42: Location | I42: Duration
B43: COMP2211 | C43: =VLOOKUP(B43,Calculator!$A$1:$B$6, 2, FALSE) -> Networks and Systems | E43: Lecture | F43: Monday | G43: 9 | H43: Room | I43: 2 hours | J43: =_xlfn.CONCAT(F43, " ", G43) -> Monday 9 | K43: =IF(I43="2 hours",_xlfn.CONCAT(F43," ",G43+1), "") -> Monday 10
B44: COMP2211 | C44: =VLOOKUP(B44,Calculator!$A$1:$B$6, 2, FALSE) -> Networks and Systems | E44: Practical | F44: Tuesday | G44: 9 | H44: Room | I44: 2 hours | J44: =_xlfn.CONCAT(F44, " ", G44) -> Tuesday 9 | K44: =IF(I44="2 hours",_xlfn.CONCAT(F44," ",G44+1), "") -> Tuesday 10
B45: COMP2221 | C45: =VLOOKUP(B45,Calculator!$A$1:$B$6, 2, FALSE) -> Programming Paradigms | E45: Lecture | F45: Wednesday | G45: 9 | H45: Room | I45: 1 hour | J45: =_xlfn.CONCAT(F45, " ", G45) -> Wednesday 9 | K45: =IF(I45="2 hours",_xlfn.CONCAT(F45," ",G45+1), "")
B46: COMP2221 | C46: =VLOOKUP(B46,Calculator!$A$1:$B$6, 2, FALSE) -> Programming Paradigms | E46: Practical | F46: Thursday | G46: 9 | H46: Room | I46: 2 hours | J46: =_xlfn.CONCAT(F46, " ", G46) -> Thursday 9 | K46: =IF(I46="2 hours",_xlfn.CONCAT(F46," ",G46+1), "") -> Thursday 10
B47: COMP2181 | C47: =VLOOKUP(B47,Calculator!$A$1:$B$6, 2, FALSE) -> Theory of Computation | E47: Lecture | F47: Friday | G47: 9 | H47: Room | I47: 1 hour | J47: =_xlfn.CONCAT(F47, " ", G47) -> Friday 9 | K47: =IF(I47="2 hours",_xlfn.CONCAT(F47," ",G47+1), "")
B48: COMP2181 | C48: =VLOOKUP(B48,Calculator!$A$1:$B$6, 2, FALSE) -> Theory of Computation | E48: Practical | F48: Friday | G48: 16 | H48: Room | I48: 2 hours | J48: =_xlfn.CONCAT(F48, " ", G48) -> Friday 16 | K48: =IF(I48="2 hours",_xlfn.CONCAT(F48," ",G48+1), "") -> Friday 17
B49: COMP2261 | C49: =VLOOKUP(B49,Calculator!$A$1:$B$6, 2, FALSE) -> Artificial Intelligence | E49: Lecture | F49: Thursday | G49: 11 | H49: Room | I49: 1 hour | J49: =_xlfn.CONCAT(F49, " ", G49) -> Thursday 11 | K49: =IF(I49="2 hours",_xlfn.CONCAT(F49," ",G49+1), "")
B50: COMP2261 | C50: =VLOOKUP(B50,Calculator!$A$1:$B$6, 2, FALSE) -> Artificial Intelligence | E50: Practical | F50: Monday | G50: 13 | H50: Room | I50: 2 hours | J50: =_xlfn.CONCAT(F50, " ", G50) -> Monday 13 | K50: =IF(I50="2 hours",_xlfn.CONCAT(F50," ",G50+1), "") -> Monday 14
B51: COMP2271 | C51: =VLOOKUP(B51,Calculator!$A$1:$B$6, 2, FALSE) -> Data Science | E51: Lecture | F51: Tuesday | G51: 13 | H51: Room | I51: 1 hour | J51: =_xlfn.CONCAT(F51, " ", G51) -> Tuesday 13 | K51: =IF(I51="2 hours",_xlfn.CONCAT(F51," ",G51+1), "")
B52: COMP2271 | C52: =VLOOKUP(B52,Calculator!$A$1:$B$6, 2, FALSE) -> Data Science | E52: Practical | F52: Wednesday | G52: 13 | H52: Room | I52: 2 hours | J52: =_xlfn.CONCAT(F52, " ", G52) -> Wednesday 13 | K52: =IF(I52="2 hours",_xlfn.CONCAT(F52," ",G52+1), "") -> Wednesday 14
B53: COMP2281 | C53: =VLOOKUP(B53,Calculator!$A$1:$B$6, 2, FALSE) -> Software Engineering | E53: Lecture | F53: Thursday | G53: 13 | H53: Room | I53: 1 hour | J53: =_xlfn.CONCAT(F53, " ", G53) -> Thursday 13 | K53: =IF(I53="2 hours",_xlfn.CONCAT(F53," ",G53+1), "")
B54: COMP2281 | C54: =VLOOKUP(B54,Calculator!$A$1:$B$6, 2, FALSE) -> Software Engineering | E54: Workshop | F54: Friday | G54: 13 | H54: Room | I54: 2 hours | J54: =_xlfn.CONCAT(F54, " ", G54) -> Friday 13 | K54: =IF(I54="2 hours",_xlfn.CONCAT(F54," ",G54+1), "") -> Friday 14

Sheet Calculator
A1: COMP2211 | B1: Networks and Systems
A2: COMP2221 | B2: Programming Paradigms
A3: COMP2181 | B3: Theory of Computation
A4: COMP2261 | B4: Artificial Intelligence
A5: COMP2271 | B5: Data Science
A6: COMP2281 | B6: Software Engineering

Sheet Notes
B2: COMP2211 | C2: Networks and Systems | F2: COMP2261 | G2: Artificial Intelligence
B3: Teaching: | C3: Lectures | D3: 1x2hr | F3: Teaching: | G3: Lectures | H3: 2x1hr
C4: Computer Class | D4: 1x2hr | G4: Computer Class | H4: 1x2hr
B5: Assessment: | C5: Final Exam | D5: 0.5 | F5: Assessment: | G5: Report | H5: 0.5
C6: Assignment | D6: 0.25 | G6: Assignment | H6: 0.25
C7: Report | D7: 0.25 | G7: Presentation | H7: 0.25
B9: COMP2221 | C9: Programming Paradigms | F9: COMP2271 | G9: Data Science
B10: Teaching: | C10: Lectures | D10: 2x1hr | F10: Teaching: | G10: Lectures | H10: 2x1hr
C11: Computer Class | D11: 1x2hr | G11: Computer Class | H11: 1x2hr
B12: Assessment: | C12: Final Exam | D12: 0.5 | F12: Assessment: | G12: Final Exam | H12: 0.5
C13: Assignment | D13: 0.5 | G13: General Test | H13: 0.25
G14: Assignment | H14: 0.25
B16: COMP2181 | C16: Theory of Computation | F16: COMP2281 | G16: Software Engineering
B17: Teaching: | C17: Lectures | D17: 2x1hr | F17: Teaching: | G17: Lectures | H17: 2x1hr
C18: Problem Class | D18: 1x2hr | G18: Workshop | H18: 1x2hr
B19: Assessment: | C19: Final Exam | D19: 0.66 | F19: Assessment: | G19: Review | H19: 0.05
C20: General Test | D20: =0.33/2 -> 0.165 | G20: Report | H20: 0.15
C21: General Test | D21: =0.33/2 -> 0.165 | G21: Report | H21: 0.3
G22: Presentation | H22: 0.15
G23: Report | H23: 0.2
G24: Assignment | H24: 0.05
G25: Supervisor Review | H25: 0.1
